门类,大类,中类,小类,名称
A,,,,农、林、牧、渔业
A,1,,,农业
A,,11,,谷物种植
A,,,111,稻谷种植
A,,,112,小麦种植
A,,,113,玉米种植
A,,,119,其他谷物种植
A,,12,,豆类、油料和薯类种植
A,,,121,豆类种植
A,,,122,油料种植
A,,,123,薯类种植
A,,13,,棉、麻、糖、烟草种植
A,,,131,棉花种植
A,,,132,麻类种植
A,,,133,糖料种植
A,,,134,烟草种植
A,,14,,蔬菜、食用菌及园艺作物种植
A,,,141,蔬菜种植
A,,,142,食用菌种植
A,,,143,花卉种植
A,,,149,其他园艺作物种植
A,,15,,水果种植
A,,,151,仁果类和核果类水果种植
A,,,152,葡萄种植
A,,,153,柑橘类种植
A,,,154,香蕉等亚热带水果种植
A,,,159,其他水果种植
A,,16,,坚果、含油果、香料和饮料作物种植
A,,,161,坚果种植
A,,,162,含油果种植
A,,,163,香料作物种植
A,,,169,茶及其他饮料作物种植
A,,17,170,中药材种植
A,,19,190,其他农业
A,2,,,林业
A,,21,,林木育种和育苗
A,,,211,林木育种
A,,,212,林木育苗
A,,22,220,造林和更新
A,,23,230,森林经营和管护
A,,24,,木材和竹材采运
A,,,241,木材采运
A,,,242,竹材采运
A,,25,,林产品采集
A,,,251,木竹材林产品采集
A,,,252,非木竹材林产品采集
A,3,,,畜牧业
A,,31,,牲畜饲养
A,,,311,牛的饲养
A,,,312,马的饲养
A,,,313,猪的饲养
A,,,314,羊的饲养
A,,,315,骆驼饲养
A,,,319,其他牲畜饲养
A,,32,,家禽饲养
A,,,321,鸡的饲养
A,,,322,鸭的饲养
A,,,323,鹅的饲养
A,,,329,其他家禽饲养
A,,33,330,狩猎和捕捉动物
A,,39,390,其他畜牧业
A,4,,,渔业
A,,41,,水产养殖
A,,,411,海水养殖
A,,,412,内陆养殖
A,,42,,水产捕捞
A,,,421,海水捕捞
A,,,422,内陆捕捞
A,5,,,农、林、牧、渔服务业
A,,51,,农业服务业
A,,,511,农业机械服务
A,,,512,灌溉服务
A,,,513,农产品初加工服务
A,,,519,其他农业服务
A,,52,,林业服务业
A,,,521,林业有害生物防治服务
A,,,522,森林防火服务
A,,,523,林产品初级加工服务
A,,,529,其他林业服务
A,,53,530,畜牧服务业
A,,54,540,渔业服务业
B,,,,采矿业
B,6,,,煤炭开采和洗选业
B,,61,610,烟煤和无烟煤开采洗选
B,,62,620,褐煤开采洗选
B,,69,690,其他煤炭采选
B,7,,,石油和天然气开采业
B,,71,710,石油开采
B,,72,720,天然气开采
B,8,,,黑色金属矿采选业
B,,81,810,铁矿采选
B,,82,820,锰矿、铬矿采选
B,,89,890,其他黑色金属矿采选
B,9,,,有色金属矿采选业
B,,91,,常用有色金属矿采选
B,,,911,铜矿采选
B,,,912,铅锌矿采选
B,,,913,镍钴矿采选
B,,,914,锡矿采选
B,,,915,锑矿采选
B,,,916,铝矿采选
B,,,917,镁矿采选
B,,,919,其他常用有色金属矿采选
B,,92,,贵金属矿采选
B,,,921,金矿采选
B,,,922,银矿采选
B,,,929,其他贵金属矿采选
B,,93,,稀有稀土金属矿采选
B,,,931,钨钼矿采选
B,,,932,稀土金属矿采选
B,,,933,放射性金属矿采选
B,,,939,其他稀有金属矿采选
B,10,,,非金属矿采选业
B,,101,,土砂石开采
B,,,1011,石灰石、石膏开采
B,,,1012,建筑装饰用石开采
B,,,1013,耐火土石开采
B,,,1019,粘土及其他土砂石开采
B,,102,1020,化学矿开采
B,,103,1030,采盐
B,,109,,石棉及其他非金属矿采选
B,,,1091,石棉、云母矿采选
B,,,1092,石墨、滑石采选
B,,,1093,宝石、玉石采选
B,,,1099,其他未列明非金属矿采选
B,11,,,开采辅助活动
B,,111,1110,煤炭开采和洗选辅助活动
B,,112,1120,石油和天然气开采辅助活动
B,,119,1190,其他开采辅助活动
B,12,,,其他采矿业
B,,120,1200,其他采矿业
C,,,,制造业
C,13,,,农副食品加工业
C,,131,1310,谷物磨制
C,,132,1320,饲料加工
C,,133,,植物油加工
C,,,1331,食用植物油加工
C,,,1332,非食用植物油加工
C,,134,1340,制糖业
C,,135,,屠宰及肉类加工
C,,,1351,牲畜屠宰
C,,,1352,禽类屠宰
C,,,1353,肉制品及副产品加工
C,,136,,水产品加工
C,,,1361,水产品冷冻加工
C,,,1362,鱼糜制品及水产品干腌制加工
C,,,1363,水产饲料制造
C,,,1364,鱼油提取及制品制造
C,,,1369,其他水产品加工
C,,137,,蔬菜、水果和坚果加工
C,,,1371,蔬菜加工
C,,,1372,水果和坚果加工
C,,139,,其他农副食品加工
C,,,1391,淀粉及淀粉制品制造
C,,,1392,豆制品制造
C,,,1393,蛋品加工
C,,,1399,其他未列明农副食品加工
C,14,,,食品制造业
C,,141,,焙烤食品制造
C,,,1411,糕点、面包制造
C,,,1419,饼干及其他焙烤食品制造
C,,142,,糖果、巧克力及蜜饯制造
C,,,1421,糖果、巧克力制造
C,,,1422,蜜饯制作
C,,143,,方便食品制造
C,,,1431,米、面制品制造
C,,,1432,速冻食品制造
C,,,1439,方便面及其他方便食品制造
C,,144,1440,乳制品制造
C,,145,,罐头食品制造
C,,,1451,肉、禽类罐头制造
C,,,1452,水产品罐头制造
C,,,1453,蔬菜、水果罐头制造
C,,,1459,其他罐头食品制造
C,,146,,调味品、发酵制品制造
C,,,1461,味精制造
C,,,1462,酱油、食醋及类似制品制造
C,,,1469,其他调味品、发酵制品制造
C,,149,,其他食品制造
C,,,1491,营养食品制造
C,,,1492,保健食品制造
C,,,1493,冷冻饮品及食用冰制造
C,,,1494,盐加工
C,,,1495,食品及饲料添加剂制造
C,,,1499,其他未列明食品制造
C,15,,,酒、饮料和精制茶制造业
C,,151,,酒的制造
C,,,1511,酒精制造
C,,,1512,白酒制造
C,,,1513,啤酒制造
C,,,1514,黄酒制造
C,,,1515,葡萄酒制造
C,,,1519,其他酒制造
C,,152,,饮料制造
C,,,1521,碳酸饮料制造
C,,,1522,瓶（罐）装饮用水制造
C,,,1523,果菜汁及果菜汁饮料制造
C,,,1524,含乳饮料和植物蛋白饮料制造
C,,,1525,固体饮料制造
C,,,1529,茶饮料及其他饮料制造
C,,153,1530,精制茶加工
C,16,,,烟草制品业
C,,161,1610,烟叶复烤
C,,162,1620,卷烟制造
C,,169,1690,其他烟草制品制造
C,17,,,纺织业
C,,171,,棉纺织及印染精加工
C,,,1711,棉纺纱加工
C,,,1712,棉织造加工
C,,,1713,棉印染精加工
C,,172,,毛纺织及染整精加工
C,,,1721,毛条和毛纱线加工
C,,,1722,毛织造加工
C,,,1723,毛染整精加工
C,,173,,麻纺织及染整精加工
C,,,1731,麻纤维纺前加工和纺纱
C,,,1732,麻织造加工
C,,,1733,麻染整精加工
C,,174,,丝绢纺织及印染精加工
C,,,1741,缫丝加工
C,,,1742,绢纺和丝织加工
C,,,1743,丝印染精加工
C,,175,,化纤织造及印染精加工
C,,,1751,化纤织造加工
C,,,1752,化纤织物染整精加工
C,,176,,针织或钩针编织物及其制品制造
C,,,1761,针织或钩针编织物织造
C,,,1762,针织或钩针编织物印染精加工
C,,,1763,针织或钩针编织品制造
C,,177,,家用纺织制成品制造
C,,,1771,床上用品制造
C,,,1772,毛巾类制品制造
C,,,1773,窗帘、布艺类产品制造
C,,,1779,其他家用纺织制成品制造
C,,178,,非家用纺织制成品制造
C,,,1781,非织造布制造
C,,,1782,绳、索、缆制造
C,,,1783,纺织带和帘子布制造
C,,,1784,篷、帆布制造
C,,,1789,其他非家用纺织制成品制造
C,18,,,纺织服装、服饰业
C,,181,1810,机织服装制造
C,,182,1820,针织或钩针编织服装制造
C,,183,1830,服饰制造
C,19,,,皮革、毛皮、羽毛及其制品和制鞋业
C,,191,1910,皮革鞣制加工
C,,192,,皮革制品制造
C,,,1921,皮革服装制造
C,,,1922,皮箱、包（袋）制造
C,,,1923,皮手套及皮装饰制品制造
C,,,1929,其他皮革制品制造
C,,193,,毛皮鞣制及制品加工
C,,,1931,毛皮鞣制加工
C,,,1932,毛皮服装加工
C,,,1939,其他毛皮制品加工
C,,194,,羽毛(绒)加工及制品制造
C,,,1941,羽毛（绒）加工
C,,,1942,羽毛（绒）制品加工
C,,195,,制鞋业
C,,,1951,纺织面料鞋制造
C,,,1952,皮鞋制造
C,,,1953,塑料鞋制造
C,,,1954,橡胶鞋制造
C,,,1959,其他制鞋业
C,20,,,木材加工和木、竹、藤、棕、草制品业
C,,201,,木材加工
C,,,2011,锯材加工
C,,,2012,木片加工
C,,,2013,单板加工
C,,,2019,其他木材加工
C,,202,,人造板制造
C,,,2021,胶合板制造
C,,,2022,纤维板制造
C,,,2023,刨花板制造
C,,,2029,其他人造板制造
C,,203,,木制品制造
C,,,2031,建筑用木料及木材组件加工
C,,,2032,木门窗、楼梯制造
C,,,2033,地板制造
C,,,2034,木制容器制造
C,,,2039,软木制品及其他木制品制造
C,,204,,竹、藤、棕、草等制品制造
C,,,2041,竹制品制造
C,,,2042,藤制品制造
C,,,2043,棕制品制造
C,,,2049,草及其他制品制造
C,21,,,家具制造业
C,,211,2110,木质家具制造
C,,212,2120,竹、藤家具制造
C,,213,2130,金属家具制造
C,,214,2140,塑料家具制造
C,,219,2190,其他家具制造
C,22,,,造纸和纸制品业
C,,221,,纸浆制造
C,,,2211,木竹浆制造
C,,,2212,非木竹浆制造
C,,222,,造纸
C,,,2221,机制纸及纸板制造
C,,,2222,手工纸制造
C,,,2223,加工纸制造
C,,223,,纸制品制造
C,,,2231,纸和纸板容器制造
C,,,2239,其他纸制品制造
C,23,,,印刷和记录媒介复制业
C,,231,,印刷
C,,,2311,书、报刊印刷
C,,,2312,本册印制
C,,,2319,包装装潢及其他印刷
C,,232,2320,装订及印刷相关服务
C,,233,2330,记录媒介复制
C,24,,,文教、工美、体育和娱乐用品制造业
C,,241,,文教办公用品制造
C,,,2411,文具制造
C,,,2412,笔的制造
C,,,2413,教学用模型及教具制造
C,,,2414,墨水、墨汁制造
C,,,2419,其他文教办公用品制造
C,,242,,乐器制造
C,,,2421,中乐器制造
C,,,2422,西乐器制造
C,,,2423,电子乐器制造
C,,,2429,其他乐器及零件制造
C,,243,,工艺美术品制造
C,,,2431,雕塑工艺品制造
C,,,2432,金属工艺品制造
C,,,2433,漆器工艺品制造
C,,,2434,花画工艺品制造
C,,,2435,天然植物纤维编织工艺品制造
C,,,2436,抽纱刺绣工艺品制造
C,,,2437,地毯、挂毯制造
C,,,2438,珠宝首饰及有关物品制造
C,,,2439,其他工艺美术品制造
C,,244,,体育用品制造
C,,,2441,球类制造
C,,,2442,体育器材及配件制造
C,,,2443,训练健身器材制造
C,,,2444,运动防护用具制造
C,,,2449,其他体育用品制造
C,,245,2450,玩具制造
C,,246,,游艺器材及娱乐用品制造
C,,,2461,露天游乐场所游乐设备制造
C,,,2462,游艺用品及室内游艺器材制造
C,,,2469,其他娱乐用品制造
C,25,,,石油加工、炼焦和核燃料加工业
C,,251,,精炼石油产品制造
C,,,2511,原油加工及石油制品制造
C,,,2512,人造原油制造
C,,252,2520,炼焦
C,,253,2530,核燃料加工
C,26,,,化学原料和化学制品制造业
C,,261,,基础化学原料制造
C,,,2611,无机酸制造
C,,,2612,无机碱制造
C,,,2613,无机盐制造
C,,,2614,有机化学原料制造
C,,,2619,其他基础化学原料制造
C,,262,,肥料制造
C,,,2621,氮肥制造
C,,,2622,磷肥制造
C,,,2623,钾肥制造
C,,,2624,复混肥料制造
C,,,2625,有机肥料及微生物肥料制造
C,,,2629,其他肥料制造
C,,263,,农药制造
C,,,2631,化学农药制造
C,,,2632,生物化学农药及微生物农药制造
C,,264,,涂料、油墨、颜料及类似产品制造
C,,,2641,涂料制造
C,,,2642,油墨及类似产品制造
C,,,2643,颜料制造
C,,,2644,染料制造
C,,,2645,密封用填料及类似品制造
C,,265,,合成材料制造
C,,,2651,初级形态塑料及合成树脂制造
C,,,2652,合成橡胶制造
C,,,2653,合成纤维单（聚合）体制造
C,,,2659,其他合成材料制造
C,,266,,专用化学产品制造
C,,,2661,化学试剂和助剂制造
C,,,2662,专项化学用品制造
C,,,2663,林产化学产品制造
C,,,2664,信息化学品制造
C,,,2665,环境污染处理专用药剂材料制造
C,,,2666,动物胶制造
C,,,2669,其他专用化学产品制造
C,,267,,炸药、火工及焰火产品制造
C,,,2671,炸药及火工产品制造
C,,,2672,焰火、鞭炮产品制造
C,,268,,日用化学产品制造
C,,,2681,肥皂及合成洗涤剂制造
C,,,2682,化妆品制造
C,,,2683,口腔清洁用品制造
C,,,2684,香料、香精制造
C,,,2689,其他日用化学产品制造
C,27,,,医药制造业
C,,271,2710,化学药品原料药制造
C,,272,2720,化学药品制剂制造
C,,273,2730,中药饮片加工
C,,274,2740,中成药生产
C,,275,2750,兽用药品制造
C,,276,2760,生物药品制造
C,,277,2770,卫生材料及医药用品制造
C,28,,,化学纤维制造业
C,,281,,纤维素纤维原料及纤维制造
C,,,2811,化纤浆粕制造
C,,,2812,人造纤维（纤维素纤维）制造
C,,282,,合成纤维制造
C,,,2821,锦纶纤维制造
C,,,2822,涤纶纤维制造
C,,,2823,腈纶纤维制造
C,,,2824,维纶纤维制造
C,,,2825,丙纶纤维制造
C,,,2826,氨纶纤维制造
C,,,2829,其他合成纤维制造
C,29,,,橡胶和塑料制品业
C,,291,,橡胶制品业
C,,,2911,轮胎制造
C,,,2912,橡胶板、管、带制造
C,,,2913,橡胶零件制造
C,,,2914,再生橡胶制造
C,,,2915,日用及医用橡胶制品制造
C,,,2919,其他橡胶制品制造
C,,292,,塑料制品业
C,,,2921,塑料薄膜制造
C,,,2922,塑料板、管、型材制造
C,,,2923,塑料丝、绳及编织品制造
C,,,2924,泡沫塑料制造
C,,,2925,塑料人造革、合成革制造
C,,,2926,塑料包装箱及容器制造
C,,,2927,日用塑料制品制造
C,,,2928,塑料零件制造
C,,,2929,其他塑料制品制造
C,30,,,非金属矿物制品业
C,,301,,水泥、石灰和石膏制造
C,,,3011,水泥制造
C,,,3012,石灰和石膏制造
C,,302,,石膏、水泥制品及类似制品制造
C,,,3021,水泥制品制造
C,,,3022,砼结构构件制造
C,,,3023,石棉水泥制品制造
C,,,3024,轻质建筑材料制造
C,,,3029,其他水泥类似制品制造
C,,303,,砖瓦、石材等建筑材料制造
C,,,3031,粘土砖瓦及建筑砌块制造
C,,,3032,建筑陶瓷制品制造
C,,,3033,建筑用石加工
C,,,3034,防水建筑材料制造
C,,,3035,隔热和隔音材料制造
C,,,3039,其他建筑材料制造
C,,304,,玻璃制造
C,,,3041,平板玻璃制造
C,,,3049,其他玻璃制造
C,,305,,玻璃制品制造
C,,,3051,技术玻璃制品制造
C,,,3052,光学玻璃制造
C,,,3053,玻璃仪器制造
C,,,3054,日用玻璃制品制造
C,,,3055,玻璃包装容器制造
C,,,3056,玻璃保温容器制造
C,,,3057,制镜及类似品加工
C,,,3059,其他玻璃制品制造
C,,306,,玻璃纤维和玻璃纤维增强塑料制品制造
C,,,3061,玻璃纤维及制品制造
C,,,3062,玻璃纤维增强塑料制品制造
C,,307,,陶瓷制品制造
C,,,3071,卫生陶瓷制品制造
C,,,3072,特种陶瓷制品制造
C,,,3073,日用陶瓷制品制造
C,,,3079,园林、陈设艺术及其他陶瓷制品制造
C,,308,,耐火材料制品制造
C,,,3081,石棉制品制造
C,,,3082,云母制品制造
C,,,3089,耐火陶瓷制品及其他耐火材料制造
C,,309,,石墨及其他非金属矿物制品制造
C,,,3091,石墨及碳素制品制造
C,,,3099,其他非金属矿物制品制造
C,31,,,黑色金属冶炼和压延加工业
C,,311,3110,炼铁
C,,312,3120,炼钢
C,,313,3130,黑色金属铸造
C,,314,3140,钢压延加工
C,,315,3150,铁合金冶炼
C,32,,,有色金属冶炼和压延加工业
C,,321,,常用有色金属冶炼
C,,,3211,铜冶炼
C,,,3212,铅锌冶炼
C,,,3213,镍钴冶炼
C,,,3214,锡冶炼
C,,,3215,锑冶炼
C,,,3216,铝冶炼
C,,,3217,镁冶炼
C,,,3219,其他常用有色金属冶炼
C,,322,,贵金属冶炼
C,,,3221,金冶炼
C,,,3222,银冶炼
C,,,3229,其他贵金属冶炼
C,,323,,稀有稀土金属冶炼
C,,,3231,钨钼冶炼
C,,,3232,稀土金属冶炼
C,,,3239,其他稀有金属冶炼
C,,324,3240,有色金属合金制造
C,,325,3250,有色金属铸造
C,,326,,有色金属压延加工
C,,,3261,铜压延加工
C,,,3262,铝压延加工
C,,,3263,贵金属压延加工
C,,,3264,稀有稀土金属压延加工
C,,,3269,其他有色金属压延加工
C,33,,,金属制品业
C,,331,,结构性金属制品制造
C,,,3311,金属结构制造
C,,,3312,金属门窗制造
C,,332,,金属工具制造
C,,,3321,切削工具制造
C,,,3322,手工具制造
C,,,3323,农用及园林用金属工具制造
C,,,3324,刀剪及类似日用金属工具制造
C,,,3329,其他金属工具制造
C,,333,,集装箱及金属包装容器制造
C,,,3331,集装箱制造
C,,,3332,金属压力容器制造
C,,,3333,金属包装容器制造
C,,334,3340,金属丝绳及其制品制造
C,,335,,建筑、安全用金属制品制造
C,,,3351,建筑、家具用金属配件制造
C,,,3352,建筑装饰及水暖管道零件制造
C,,,3353,安全、消防用金属制品制造
C,,,3359,其他建筑、安全用金属制品制造
C,,336,3360,金属表面处理及热处理加工
C,,337,,搪瓷制品制造
C,,,3371,生产专用搪瓷制品制造
C,,,3372,建筑装饰搪瓷制品制造
C,,,3373,搪瓷卫生洁具制造
C,,,3379,搪瓷日用品及其他搪瓷制品制造
C,,338,,金属制日用品制造
C,,,3381,金属制厨房用器具制造
C,,,3382,金属制餐具和器皿制造
C,,,3383,金属制卫生器具制造
C,,,3389,其他金属制日用品制造
C,,339,,其他金属制品制造
C,,,3391,锻件及粉末冶金制品制造
C,,,3392,交通及公共管理用金属标牌制造
C,,,3399,其他未列明金属制品制造
C,34,,,通用设备制造业
C,,341,,锅炉及原动设备制造
C,,,3411,锅炉及辅助设备制造
C,,,3412,内燃机及配件制造
C,,,3413,汽轮机及辅机制造
C,,,3414,水轮机及辅机制造
C,,,3415,风能原动设备制造
C,,,3419,其他原动设备制造
C,,342,,金属加工机械制造
C,,,3421,金属切削机床制造
C,,,3422,金属成形机床制造
C,,,3423,铸造机械制造
C,,,3424,金属切割及焊接设备制造
C,,,3425,机床附件制造
C,,,3429,其他金属加工机械制造
C,,343,,物料搬运设备制造
C,,,3431,轻小型起重设备制造
C,,,3432,起重机制造
C,,,3433,生产专用车辆制造
C,,,3434,连续搬运设备制造
C,,,3435,电梯、自动扶梯及升降机制造
C,,,3439,其他物料搬运设备制造
C,,344,,泵、阀门、压缩机及类似机械制造
C,,,3441,泵及真空设备制造
C,,,3442,气体压缩机械制造
C,,,3443,阀门和旋塞制造
C,,,3444,液压和气压动力机械及元件制造
C,,345,,轴承、齿轮和传动部件制造
C,,,3451,轴承制造
C,,,3452,齿轮及齿轮减、变速箱制造
C,,,3459,其他传动部件制造
C,,346,,烘炉、风机、衡器、包装等设备制造
C,,,3461,烘炉、熔炉及电炉制造
C,,,3462,风机、风扇制造
C,,,3463,气体、液体分离及纯净设备制造
C,,,3464,制冷、空调设备制造
C,,,3465,风动和电动工具制造
C,,,3466,喷枪及类似器具制造
C,,,3467,衡器制造
C,,,3468,包装专用设备制造
C,,347,,文化、办公用机械制造
C,,,3471,电影机械制造
C,,,3472,幻灯及投影设备制造
C,,,3473,照相机及器材制造
C,,,3474,复印和胶印设备制造
C,,,3475,计算器及货币专用设备制造
C,,,3479,其他文化、办公用机械制造
C,,348,,通用零部件制造
C,,,3481,金属密封件制造
C,,,3482,紧固件制造
C,,,3483,弹簧制造
C,,,3484,机械零部件加工
C,,,3489,其他通用零部件制造
C,,349,3490,其他通用设备制造业
C,35,,,专用设备制造业
C,,351,,采矿、冶金、建筑专用设备制造
C,,,3511,矿山机械制造
C,,,3512,石油钻采专用设备制造
C,,,3513,建筑工程用机械制造
C,,,3514,海洋工程专用设备制造
C,,,3515,建筑材料生产专用机械制造
C,,,3516,冶金专用设备制造
C,,352,,化工、木材、非金属加工专用设备制造
C,,,3521,炼油、化工生产专用设备制造
C,,,3522,橡胶加工专用设备制造
C,,,3523,塑料加工专用设备制造
C,,,3524,木材加工机械制造
C,,,3525,模具制造
C,,,3529,其他非金属加工专用设备制造
C,,353,,食品、饮料、烟草及饲料生产专用设备制造
C,,,3531,食品、酒、饮料及茶生产专用设备制造
C,,,3532,农副食品加工专用设备制造
C,,,3533,烟草生产专用设备制造
C,,,3534,饲料生产专用设备制造
C,,354,,印刷、制药、日化及日用品生产专用设备制造
C,,,3541,制浆和造纸专用设备制造
C,,,3542,印刷专用设备制造
C,,,3543,日用化工专用设备制造
C,,,3544,制药专用设备制造
C,,,3545,照明器具生产专用设备制造
C,,,3546,玻璃、陶瓷和搪瓷制品生产专用设备制造
C,,,3549,其他日用品生产专用设备制造
C,,355,,纺织、服装和皮革加工专用设备制造
C,,,3551,纺织专用设备制造
C,,,3552,皮革、毛皮及其制品加工专用设备制造
C,,,3553,缝制机械制造
C,,,3554,洗涤机械制造
C,,356,,电子和电工机械专用设备制造
C,,,3561,电工机械专用设备制造
C,,,3562,电子工业专用设备制造
C,,357,,农、林、牧、渔专用机械制造
C,,,3571,拖拉机制造
C,,,3572,机械化农业及园艺机具制造
C,,,3573,营林及木竹采伐机械制造
C,,,3574,畜牧机械制造
C,,,3575,渔业机械制造
C,,,3576,农林牧渔机械配件制造
C,,,3577,棉花加工机械制造
C,,,3579,其他农、林、牧、渔业机械制造
C,,358,,医疗仪器设备及器械制造
C,,,3581,医疗诊断、监护及治疗设备制造
C,,,3582,口腔科用设备及器具制造
C,,,3583,医疗实验室及医用消毒设备和器具制造
C,,,3584,医疗、外科及兽医用器械制造
C,,,3585,机械治疗及病房护理设备制造
C,,,3586,假肢、人工器官及植（介）入器械制造
C,,,3589,其他医疗设备及器械制造
C,,359,,环保、社会公共服务及其他专用设备制造
C,,,3591,环境保护专用设备制造
C,,,3592,地质勘查专用设备制造
C,,,3593,邮政专用机械及器材制造
C,,,3594,商业、饮食、服务专用设备制造
C,,,3595,社会公共安全设备及器材制造
C,,,3596,交通安全、管制及类似专用设备制造
C,,,3597,水资源专用机械制造
C,,,3599,其他专用设备制造
C,36,,,汽车制造业
C,,361,3610,汽车整车制造
C,,362,3620,改装汽车制造
C,,363,3630,低速载货汽车制造
C,,364,3640,电车制造
C,,365,3650,汽车车身、挂车制造
C,,366,3660,汽车零部件及配件制造
C,37,,,铁路、船舶、航空航天和其他运输设备制造业
C,,371,,铁路运输设备制造
C,,,3711,铁路机车车辆及动车组制造
C,,,3712,窄轨机车车辆制造
C,,,3713,铁路机车车辆配件制造
C,,,3714,铁路专用设备及器材、配件制造
C,,,3719,其他铁路运输设备制造
C,,372,3720,城市轨道交通设备制造
C,,373,,船舶及相关装置制造
C,,,3731,金属船舶制造
C,,,3732,非金属船舶制造
C,,,3733,娱乐船和运动船制造
C,,,3734,船用配套设备制造
C,,,3735,船舶改装与拆除
C,,,3739,航标器材及其他相关装置制造
C,,374,,航空、航天器及设备制造
C,,,3741,飞机制造
C,,,3742,航天器制造
C,,,3743,航空、航天相关设备制造
C,,,3749,其他航空航天器制造
C,,375,,摩托车制造
C,,,3751,摩托车整车制造
C,,,3752,摩托车零部件及配件制造
C,,376,,自行车制造
C,,,3761,脚踏自行车及残疾人座车制造
C,,,3762,助动自行车制造
C,,377,3770,非公路休闲车及零配件制造
C,,379,,潜水救捞及其他未列明运输设备制造
C,,,3791,潜水及水下救捞装备制造
C,,,3799,其他未列明运输设备制造
C,38,,,电气机械和器材制造业
C,,381,,电机制造
C,,,3811,发电机及发电机组制造
C,,,3812,电动机制造
C,,,3819,微电机及其他电机制造
C,,382,,输配电及控制设备制造
C,,,3821,变压器、整流器和电感器制造
C,,,3822,电容器及其配套设备制造
C,,,3823,配电开关控制设备制造
C,,,3824,电力电子元器件制造
C,,,3825,光伏设备及元器件制造
C,,,3829,其他输配电及控制设备制造
C,,383,,电线、电缆、光缆及电工器材制造
C,,,3831,电线、电缆制造
C,,,3832,光纤、光缆制造
C,,,3833,绝缘制品制造
C,,,3839,其他电工器材制造
C,,384,,电池制造
C,,,3841,锂离子电池制造
C,,,3842,镍氢电池制造
C,,,3849,其他电池制造
C,,385,,家用电力器具制造
C,,,3851,家用制冷电器具制造
C,,,3852,家用空气调节器制造
C,,,3853,家用通风电器具制造
C,,,3854,家用厨房电器具制造
C,,,3855,家用清洁卫生电器具制造
C,,,3856,家用美容、保健电器具制造
C,,,3857,家用电力器具专用配件制造
C,,,3859,其他家用电力器具制造
C,,386,,非电力家用器具制造
C,,,3861,燃气、太阳能及类似能源家用器具制造
C,,,3869,其他非电力家用器具制造
C,,387,,照明器具制造
C,,,3871,电光源制造
C,,,3872,照明灯具制造
C,,,3879,灯用电器附件及其他照明器具制造
C,,389,,其他电气机械及器材制造
C,,,3891,电气信号设备装置制造
C,,,3899,其他未列明电气机械及器材制造
C,39,,,计算机、通信和其他电子设备制造业
C,,391,,计算机制造
C,,,3911,计算机整机制造
C,,,3912,计算机零部件制造
C,,,3913,计算机外围设备制造
C,,,3919,其他计算机制造
C,,392,,通信设备制造
C,,,3921,通信系统设备制造
C,,,3922,通信终端设备制造
C,,393,,广播电视设备制造
C,,,3931,广播电视节目制作及发射设备制造
C,,,3932,广播电视接收设备及器材制造
C,,,3939,应用电视设备及其他广播电视设备制造
C,,394,3940,雷达及配套设备制造
C,,395,,视听设备制造
C,,,3951,电视机制造
C,,,3952,音响设备制造
C,,,3953,影视录放设备制造
C,,396,,电子器件制造
C,,,3961,电子真空器件制造
C,,,3962,半导体分立器件制造
C,,,3963,集成电路制造
C,,,3969,光电子器件及其他电子器件制造
C,,397,,电子元件制造
C,,,3971,电子元件及组件制造
C,,,3972,印制电路板制造
C,,399,3990,其他电子设备制造
C,40,,,仪器仪表制造业
C,,401,,通用仪器仪表制造
C,,,4011,工业自动控制系统装置制造
C,,,4012,电工仪器仪表制造
C,,,4013,绘图、计算及测量仪器制造
C,,,4014,实验分析仪器制造
C,,,4015,试验机制造
C,,,4019,供应用仪表及其他通用仪器制造
C,,402,,专用仪器仪表制造
C,,,4021,环境监测专用仪器仪表制造
C,,,4022,运输设备及生产用计数仪表制造
C,,,4023,导航、气象及海洋专用仪器制造
C,,,4024,农林牧渔专用仪器仪表制造
C,,,4025,地质勘探和地震专用仪器制造
C,,,4026,教学专用仪器制造
C,,,4027,核子及核辐射测量仪器制造
C,,,4028,电子测量仪器制造
C,,,4029,其他专用仪器制造
C,,403,4030,钟表与计时仪器制造
C,,404,,光学仪器及眼镜制造
C,,,4041,光学仪器制造
C,,,4042,眼镜制造
C,,409,4090,其他仪器仪表制造业
C,41,,,其他制造业
C,,411,,日用杂品制造
C,,,4111,鬃毛加工、制刷及清扫工具制造
C,,,4119,其他日用杂品制造
C,,412,4120,煤制品制造
C,,413,4130,核辐射加工
C,,419,4190,其他未列明制造业
C,42,,,废弃资源综合利用业
C,,421,4210,金属废料和碎屑加工处理
C,,422,4220,非金属废料和碎屑加工处理
C,43,,,金属制品、机械和设备修理业
C,,431,4310,金属制品修理
C,,432,4320,通用设备修理
C,,433,4330,专用设备修理
C,,434,,铁路、船舶、航空航天等运输设备修理
C,,,4341,铁路运输设备修理
C,,,4342,船舶修理
C,,,4343,航空航天器修理
C,,,4349,其他运输设备修理
C,,435,4350,电气设备修理
C,,436,4360,仪器仪表修理
C,,439,4390,其他机械和设备修理业
D,,,,电力、热力、燃气及水生产和供应业
D,44,,,电力、热力生产和供应业
D,,441,,电力生产
D,,,4411,火力发电
D,,,4412,水力发电
D,,,4413,核力发电
D,,,4414,风力发电
D,,,4415,太阳能发电
D,,,4419,其他电力生产
D,,442,4420,电力供应
D,,443,4430,热力生产和供应
D,45,,,燃气生产和供应业
D,,450,4500,燃气生产和供应业
D,46,,,水的生产和供应业
D,,461,4610,自来水生产和供应
D,,462,4620,污水处理及其再生利用
D,,469,4690,其他水的处理、利用与分配
E,,,,建筑业
E,47,,,房屋建筑业
E,,470,4700,房屋建筑业
E,48,,,土木工程建筑业
E,,481,,铁路、道路、隧道和桥梁工程建筑
E,,,4811,铁路工程建筑
E,,,4812,公路工程建筑
E,,,4813,市政道路工程建筑
E,,,4819,其他道路、隧道和桥梁工程建筑
E,,482,,水利和内河港口工程建筑
E,,,4821,水源及供水设施工程建筑
E,,,4822,河湖治理及防洪设施工程建筑
E,,,4823,港口及航运设施工程建筑
E,,483,4830,海洋工程建筑
E,,484,4840,工矿工程建筑
E,,485,,架线和管道工程建筑
E,,,4851,架线及设备工程建筑
E,,,4852,管道工程建筑
E,,489,4890,其他土木工程建筑
E,49,,,建筑安装业
E,,491,4910,电气安装
E,,492,4920,管道和设备安装
E,,499,4990,其他建筑安装业
E,50,,,建筑装饰和其他建筑业
E,,501,5010,建筑装饰业
E,,502,,工程准备活动
E,,,5021,建筑物拆除活动
E,,,5029,其他工程准备活动
E,,503,5030,提供施工设备服务
E,,509,5090,其他未列明建筑业
F,,,,批发和零售业
F,51,,,批发业
F,,511,,农、林、牧产品批发
F,,,5111,谷物、豆及薯类批发
F,,,5112,种子批发
F,,,5113,饲料批发
F,,,5114,棉、麻批发
F,,,5115,林业产品批发
F,,,5116,牲畜批发
F,,,5119,其他农牧产品批发
F,,512,,食品、饮料及烟草制品批发
F,,,5121,米、面制品及食用油批发
F,,,5122,糕点、糖果及糖批发
F,,,5123,果品、蔬菜批发
F,,,5124,肉、禽、蛋、奶及水产品批发
F,,,5125,盐及调味品批发
F,,,5126,营养和保健品批发
F,,,5127,酒、饮料及茶叶批发
F,,,5128,烟草制品批发
F,,,5129,其他食品批发
F,,513,,纺织、服装及家庭用品批发
F,,,5131,纺织品、针织品及原料批发
F,,,5132,服装批发
F,,,5133,鞋帽批发
F,,,5134,化妆品及卫生用品批发
F,,,5135,厨房、卫生间用具及日用杂货批发
F,,,5136,灯具、装饰物品批发
F,,,5137,家用电器批发
F,,,5139,其他家庭用品批发
F,,514,,文化、体育用品及器材批发
F,,,5141,文具用品批发
F,,,5142,体育用品及器材批发
F,,,5143,图书批发
F,,,5144,报刊批发
F,,,5145,音像制品及电子出版物批发
F,,,5146,首饰、工艺品及收藏品批发
F,,,5149,其他文化用品批发
F,,515,,医药及医疗器材批发
F,,,5151,西药批发
F,,,5152,中药批发
F,,,5153,医疗用品及器材批发
F,,516,,矿产品、建材及化工产品批发
F,,,5161,煤炭及制品批发
F,,,5162,石油及制品批发
F,,,5163,非金属矿及制品批发
F,,,5164,金属及金属矿批发
F,,,5165,建材批发
F,,,5166,化肥批发
F,,,5167,农药批发
F,,,5168,农用薄膜批发
F,,,5169,其他化工产品批发
F,,517,,机械设备、五金产品及电子产品批发
F,,,5171,农业机械批发
F,,,5172,汽车批发
F,,,5173,汽车零配件批发
F,,,5174,摩托车及零配件批发
F,,,5175,五金产品批发
F,,,5176,电气设备批发
F,,,5177,计算机、软件及辅助设备批发
F,,,5178,通讯及广播电视设备批发
F,,,5179,其他机械设备及电子产品批发
F,,518,,贸易经纪与代理
F,,,5181,贸易代理
F,,,5182,拍卖
F,,,5189,其他贸易经纪与代理
F,,519,,其他批发业
F,,,5191,再生物资回收与批发
F,,,5199,其他未列明批发业
F,52,,,零售业
F,,521,,综合零售
F,,,5211,百货零售
F,,,5212,超级市场零售
F,,,5219,其他综合零售
F,,522,,食品、饮料及烟草制品专门零售
F,,,5221,粮油零售
F,,,5222,糕点、面包零售
F,,,5223,果品、蔬菜零售
F,,,5224,肉、禽、蛋、奶及水产品零售
F,,,5225,营养和保健品零售
F,,,5226,酒、饮料及茶叶零售
F,,,5227,烟草制品零售
F,,,5229,其他食品零售
F,,523,,纺织、服装及日用品专门零售
F,,,5231,纺织品及针织品零售
F,,,5232,服装零售
F,,,5233,鞋帽零售
F,,,5234,化妆品及卫生用品零售
F,,,5235,钟表、眼镜零售
F,,,5236,箱、包零售
F,,,5237,厨房用具及日用杂品零售
F,,,5238,自行车零售
F,,,5239,其他日用品零售
F,,524,,文化、体育用品及器材专门零售
F,,,5241,文具用品零售
F,,,5242,体育用品及器材零售
F,,,5243,图书、报刊零售
F,,,5244,音像制品及电子出版物零售
F,,,5245,珠宝首饰零售
F,,,5246,工艺美术品及收藏品零售
F,,,5247,乐器零售
F,,,5248,照相器材零售
F,,,5249,其他文化用品零售
F,,525,,医药及医疗器材专门零售
F,,,5251,药品零售
F,,,5252,医疗用品及器材零售
F,,526,,汽车、摩托车、零配件和燃料及其他动力销售
F,,,5261,汽车新车零售
F,,,5262,汽车旧车零售
F,,,5263,汽车零配件零售
F,,,5264,机动车燃料零售
F,,527,,家用电器及电子产品专门零售
F,,,5271,家用视听设备零售
F,,,5272,日用家电设备零售
F,,,5273,计算机、软件及辅助设备零售
F,,,5274,通信设备零售
F,,,5279,其他电子产品零售
F,,528,,五金、家具及室内装饰材料专门零售
F,,,5281,五金零售
F,,,5282,灯具零售
F,,,5283,家具零售
F,,,5284,涂料零售
F,,,5285,卫生洁具零售
F,,,5286,木质装饰材料零售
F,,,5287,陶瓷、石材装饰材料零售
F,,,5289,其他室内装饰材料零售
F,,529,,货摊、无店铺及其他零售业
F,,,5291,货摊食品零售
F,,,5292,货摊纺织、服装及鞋零售
F,,,5293,货摊日用品零售
F,,,5294,互联网零售
F,,,5295,邮购及电视、电话零售
F,,,5296,旧货零售
F,,,5297,生活用燃料零售
F,,,5299,其他未列明零售业
G,,,,交通运输、仓储和邮政业
G,53,,,铁路运输业
G,,531,5310,铁路旅客运输
G,,532,5320,铁路货物运输
G,,533,,铁路运输辅助活动
G,,,5331,客运火车站
G,,,5332,货运火车站
G,,,5339,其他铁路运输辅助活动
G,54,,,道路运输业
G,,541,,城市公共交通运输
G,,,5411,公共电汽车客运
G,,,5412,城市轨道交通
G,,,5413,出租车客运
G,,,5419,其他城市公共交通运输
G,,542,5420,公路旅客运输
G,,543,5430,道路货物运输
G,,544,,道路运输辅助活动
G,,,5441,客运汽车站
G,,,5442,公路管理与养护
G,,,5449,其他道路运输辅助活动
G,55,,,水上运输业
G,,551,,水上旅客运输
G,,,5511,海洋旅客运输
G,,,5512,内河旅客运输
G,,,5513,客运轮渡运输
G,,552,,水上货物运输
G,,,5521,远洋货物运输
G,,,5522,沿海货物运输
G,,,5523,内河货物运输
G,,553,,水上运输辅助活动
G,,,5531,客运港口
G,,,5532,货运港口
G,,,5539,其他水上运输辅助活动
G,56,,,航空运输业
G,,561,,航空客货运输
G,,,5611,航空旅客运输
G,,,5612,航空货物运输
G,,562,5620,通用航空服务
G,,563,,航空运输辅助活动
G,,,5631,机场
G,,,5632,空中交通管理
G,,,5639,其他航空运输辅助活动
G,57,,,管道运输业
G,,570,5700,管道运输业
G,58,,,装卸搬运和运输代理业
G,,581,5810,装卸搬运
G,,582,,运输代理业
G,,,5821,货物运输代理
G,,,5822,旅客票务代理
G,,,5829,其他运输代理业
G,59,,,仓储业
G,,591,,谷物、棉花等农产品仓储
G,,,5911,谷物仓储
G,,,5912,棉花仓储
G,,,5919,其他农产品仓储
G,,599,5990,其他仓储业
G,60,,,邮政业
G,,601,6010,邮政基本服务
G,,602,6020,快递服务
H,,,,住宿和餐饮业
H,61,,,住宿业
H,,611,6110,旅游饭店
H,,612,6120,一般旅馆
H,,619,6190,其他住宿业
H,62,,,餐饮业
H,,621,6210,正餐服务
H,,622,6220,快餐服务
H,,623,,饮料及冷饮服务
H,,,6231,茶馆服务
H,,,6232,咖啡馆服务
H,,,6233,酒吧服务
H,,,6239,其他饮料及冷饮服务
H,,629,,其他餐饮业
H,,,6291,小吃服务
H,,,6292,餐饮配送服务
H,,,6299,其他未列明餐饮业
I,,,,信息传输、软件和信息技术服务业
I,63,,,电信、广播电视和卫星传输服务
I,,631,,电信
I,,,6311,固定电信服务
I,,,6312,移动电信服务
I,,,6319,其他电信服务
I,,632,,广播电视传输服务
I,,,6321,有线广播电视传输服务
I,,,6322,无线广播电视传输服务
I,,633,6330,卫星传输服务
I,64,,,互联网和相关服务
I,,641,6410,互联网接入及相关服务
I,,642,6420,互联网信息服务
I,,649,6490,其他互联网服务
I,65,,,软件和信息技术服务业
I,,651,6510,软件开发
I,,652,6520,信息系统集成服务
I,,653,6530,信息技术咨询服务
I,,654,6540,数据处理和存储服务
I,,655,6550,集成电路设计
I,,659,,其他信息技术服务业
I,,,6591,数字内容服务
I,,,6592,呼叫中心
I,,,6599,其他未列明信息技术服务业
J,,,,金融业
J,66,,,货币金融服务
J,,661,6610,中央银行服务
J,,662,6620,货币银行服务
J,,663,,非货币银行服务
J,,,6631,金融租赁服务
J,,,6632,财务公司
J,,,6633,典当
J,,,6639,其他非货币银行服务
J,,664,6640,银行监管服务
J,67,,,资本市场服务
J,,671,,证券市场服务
J,,,6711,证券市场管理服务
J,,,6712,证券经纪交易服务
J,,,6713,基金管理服务
J,,672,,期货市场服务
J,,,6721,期货市场管理服务
J,,,6729,其他期货市场服务
J,,673,6730,证券期货监管服务
J,,674,6740,资本投资服务
J,,679,6790,其他资本市场服务
J,68,,,保险业
J,,681,,人身保险
J,,,6811,人寿保险
J,,,6812,健康和意外保险
J,,682,6820,财产保险
J,,683,6830,再保险
J,,684,6840,养老金
J,,685,6850,保险经纪与代理服务
J,,686,6860,保险监管服务
J,,689,,其他保险活动
J,,,6891,风险和损失评估
J,,,6899,其他未列明保险活动
J,69,,,其他金融业
J,,691,6910,金融信托与管理服务
J,,692,6920,控股公司服务
J,,693,6930,非金融机构支付服务
J,,694,6940,金融信息服务
J,,699,6990,其他未列明金融业
K,,,,房地产业
K,70,,,房地产业
K,,701,7010,房地产开发经营
K,,702,7020,物业管理
K,,703,7030,房地产中介服务
K,,704,7040,自有房地产经营活动
K,,709,7090,其他房地产业
L,,,,租赁和商务服务业
L,71,,,租赁业
L,,711,,机械设备租赁
L,,,7111,汽车租赁
L,,,7112,农业机械租赁
L,,,7113,建筑工程机械与设备租赁
L,,,7114,计算机及通讯设备租赁
L,,,7119,其他机械与设备租赁
L,,712,,文化及日用品出租
L,,,7121,娱乐及体育设备出租
L,,,7122,图书出租
L,,,7123,音像制品出租
L,,,7129,其他文化及日用品出租
L,72,,,商务服务业
L,,721,,企业管理服务
L,,,7211,企业总部管理
L,,,7212,投资与资产管理
L,,,7213,单位后勤管理服务
L,,,7219,其他企业管理服务
L,,722,,法律服务
L,,,7221,律师及相关法律服务
L,,,7222,公证服务
L,,,7229,其他法律服务
L,,723,,咨询与调查
L,,,7231,会计、审计及税务服务
L,,,7232,市场调查
L,,,7233,社会经济咨询
L,,,7239,其他专业咨询
L,,724,7240,广告业
L,,725,7250,知识产权服务
L,,726,,人力资源服务
L,,,7261,公共就业服务
L,,,7262,职业中介服务
L,,,7263,劳务派遣服务
L,,,7269,其他人力资源服务
L,,727,,旅行社及相关服务
L,,,7271,旅行社服务
L,,,7272,旅游管理服务
L,,,7279,其他旅行社相关服务
L,,728,,安全保护服务
L,,,7281,安全服务
L,,,7282,安全系统监控服务
L,,,7289,其他安全保护服务
L,,729,,其他商务服务业
L,,,7291,市场管理
L,,,7292,会议及展览服务
L,,,7293,包装服务
L,,,7294,办公服务
L,,,7295,信用服务
L,,,7296,担保服务
L,,,7299,其他未列明商务服务业
M,,,,科学研究和技术服务业
M,73,,,研究和试验发展
M,,731,7310,自然科学研究和试验发展
M,,732,7320,工程和技术研究和试验发展
M,,733,7330,农业科学研究和试验发展
M,,734,7340,医学研究和试验发展
M,,735,7350,社会人文科学研究
M,74,,,专业技术服务业
M,,741,7410,气象服务
M,,742,7420,地震服务
M,,743,7430,海洋服务
M,,744,7440,测绘服务
M,,745,7450,质检技术服务
M,,746,,环境与生态监测
M,,,7461,环境保护监测
M,,,7462,生态监测
M,,747,,地质勘查
M,,,7471,能源矿产地质勘查
M,,,7472,固体矿产地质勘查
M,,,7473,水、二氧化碳等矿产地质勘查
M,,,7474,基础地质勘查
M,,,7475,地质勘查技术服务
M,,748,,工程技术
M,,,7481,工程管理服务
M,,,7482,工程勘察设计
M,,,7483,规划管理
M,,749,,其他专业技术服务业
M,,,7491,专业化设计服务
M,,,7492,摄影扩印服务
M,,,7493,兽医服务
M,,,7499,其他未列明专业技术服务业
M,75,,,科技推广和应用服务业
M,,751,,技术推广服务
M,,,7511,农业技术推广服务
M,,,7512,生物技术推广服务
M,,,7513,新材料技术推广服务
M,,,7514,节能技术推广服务
M,,,7519,其他技术推广服务
M,,752,7520,科技中介服务
M,,759,7590,其他科技推广和应用服务业
N,,,,水利、环境和公共设施管理业
N,76,,,水利管理业
N,,761,7610,防洪除涝设施管理
N,,762,7620,水资源管理
N,,763,7630,天然水收集与分配
N,,764,7640,水文服务
N,,769,7690,其他水利管理业
N,77,,,生态保护和环境治理业
N,,771,,生态保护
N,,,7711,自然保护区管理
N,,,7712,野生动物保护
N,,,7713,野生植物保护
N,,,7719,其他自然保护
N,,772,,环境治理业
N,,,7721,水污染治理
N,,,7722,大气污染治理
N,,,7723,固体废物治理
N,,,7724,危险废物治理
N,,,7725,放射性废物治理
N,,,7729,其他污染治理
N,78,,,公共设施管理业
N,,781,7810,市政设施管理
N,,782,7820,环境卫生管理
N,,783,7830,城乡市容管理
N,,784,7840,绿化管理
N,,785,,公园和游览景区管理
N,,,7851,公园管理
N,,,7852,游览景区管理
O,,,,居民服务、修理和其他服务业
O,79,,,居民服务业
O,,791,7910,家庭服务
O,,792,7920,托儿所服务
O,,793,7930,洗染服务
O,,794,7940,理发及美容服务
O,,795,7950,洗浴服务
O,,796,7960,保健服务
O,,797,7970,婚姻服务
O,,798,7980,殡葬服务
O,,799,7990,其他居民服务业
O,80,,,机动车、电子产品和日用产品修理业
O,,801,,汽车、摩托车修理与维护
O,,,8011,汽车修理与维护
O,,,8012,摩托车修理与维护
O,,802,,计算机和办公设备维修
O,,,8021,计算机和辅助设备修理
O,,,8022,通讯设备修理
O,,,8029,其他办公设备维修
O,,803,,家用电器修理
O,,,8031,家用电子产品修理
O,,,8032,日用电器修理
O,,809,,其他日用产品修理业
O,,,8091,自行车修理
O,,,8092,鞋和皮革修理
O,,,8093,家具和相关物品修理
O,,,8099,其他未列明日用产品修理业
O,81,,,其他服务业
O,,811,,清洁服务
O,,,8111,建筑物清洁服务
O,,,8119,其他清洁服务
O,,819,8190,其他未列明服务业
P,,,,教育
P,82,,,教育
P,,821,8210,学前教育
P,,822,,初等教育
P,,,8221,普通小学教育
P,,,8222,成人小学教育
P,,823,,中等教育
P,,,8231,普通初中教育
P,,,8232,职业初中教育
P,,,8233,成人初中教育
P,,,8234,普通高中教育
P,,,8235,成人高中教育
P,,,8236,中等职业学校教育
P,,824,,高等教育
P,,,8241,普通高等教育
P,,,8242,成人高等教育
P,,825,8250,特殊教育
P,,829,,技能培训、教育辅助及其他教育
P,,,8291,职业技能培训
P,,,8292,体校及体育培训
P,,,8293,文化艺术培训
P,,,8294,教育辅助服务
P,,,8299,其他未列明教育
Q,,,,卫生和社会工作
Q,83,,,卫生
Q,,831,,医院
Q,,,8311,综合医院
Q,,,8312,中医医院
Q,,,8313,中西医结合医院
Q,,,8314,民族医院
Q,,,8315,专科医院
Q,,,8316,疗养院
Q,,832,,社区医疗与卫生院
Q,,,8321,社区卫生服务中心（站）
Q,,,8322,街道卫生院
Q,,,8323,乡镇卫生院
Q,,833,8330,门诊部（所）
Q,,834,8340,计划生育技术服务活动
Q,,835,8350,妇幼保健院（所、站）
Q,,836,8360,专科疾病防治院（所、站）
Q,,837,8370,疾病预防控制中心
Q,,839,8390,其他卫生活动
Q,84,,,社会工作
Q,,841,,提供住宿社会工作
Q,,,8411,干部休养所
Q,,,8412,护理机构服务
Q,,,8413,精神康复服务
Q,,,8414,老年人、残疾人养护服务
Q,,,8415,孤残儿童收养和庇护服务
Q,,,8419,其他提供住宿社会救助
Q,,842,,不提供住宿社会工作
Q,,,8421,社会看护与帮助服务
Q,,,8429,其他不提供住宿社会工作
R,,,,文化、体育和娱乐业
R,85,,,新闻和出版业
R,,851,8510,新闻业
R,,852,,出版业
R,,,8521,图书出版
R,,,8522,报纸出版
R,,,8523,期刊出版
R,,,8524,音像制品出版
R,,,8525,电子出版物出版
R,,,8529,其他出版业
R,86,,,广播、电视、电影和影视录音制作业
R,,861,8610,广播
R,,862,8620,电视
R,,863,8630,电影和影视节目制作
R,,864,8640,电影和影视节目发行
R,,865,8650,电影放映
R,,866,8660,录音制作
R,87,,,文化艺术业
R,,871,8710,文艺创作与表演
R,,872,8720,艺术表演场馆
R,,873,,图书馆与档案馆
R,,,8731,图书馆
R,,,8732,档案馆
R,,874,8740,文物及非物质文化遗产保护
R,,875,8750,博物馆
R,,876,8760,烈士陵园、纪念馆
R,,877,8770,群众文化活动
R,,879,8790,其他文化艺术业
R,88,,,体育
R,,881,8810,体育组织
R,,882,8820,体育场馆
R,,883,8830,休闲健身活动
R,,889,8890,其他体育
R,89,,,娱乐业
R,,891,,室内娱乐活动
R,,,8911,歌舞厅娱乐活动
R,,,8912,电子游艺厅娱乐活动
R,,,8913,网吧活动
R,,,8919,其他室内娱乐活动
R,,892,8920,游乐园
R,,893,8930,彩票活动
R,,894,,文化、娱乐、体育经纪代理
R,,,8941,文化娱乐经纪人
R,,,8942,体育经纪人
R,,,8949,其他文化艺术经纪代理
R,,899,8990,其他娱乐业
S,,,,公共管理、社会保障和社会组织
S,90,,,中国共产党机关
S,,900,9000,中国共产党机关
S,91,,,国家机构
S,,911,9110,国家权力机构
S,,912,,国家行政机构
S,,,9121,综合事务管理机构
S,,,9122,对外事务管理机构
S,,,9123,公共安全管理机构
S,,,9124,社会事务管理机构
S,,,9125,经济事务管理机构
S,,,9126,行政监督检查机构
S,,913,,人民法院和人民检察院
S,,,9131,人民法院
S,,,9132,人民检察院
S,,919,9190,其他国家机构
S,92,,,人民政协、民主党派
S,,921,9210,人民政协
S,,922,9220,民主党派
S,93,,,社会保障
S,,930,9300,社会保障
S,94,,,群众团体、社会团体和其他成员组织
S,,941,,群众团体
S,,,9411,工会
S,,,9412,妇联
S,,,9413,共青团
S,,,9419,其他群众团体
S,,942,,社会团体
S,,,9421,专业性团体
S,,,9422,行业性团体
S,,,9429,其他社会团体
S,,943,9430,基金会
S,,944,9440,宗教组织
S,95,,,基层群众自治组织
S,,951,9510,社区自治组织
S,,952,9520,村民自治组织
T,,,,国际组织
T,96,,,国际组织
T,,960,9600,国际组织
